ip,timestamp,status
198.51.100.10,1728593701,200
198.51.100.11,1728593702,200
198.51.100.23,1728593702,200
198.51.100.10,1728593703,200
198.51.100.11,1728593704,200
198.51.100.23,1728593705,200
203.0.113.7,1728593705,401
203.0.113.7,1728593705,401
203.0.113.7,1728593705,401
203.0.113.7,1728593705,401
203.0.113.7,1728593705,401
203.0.113.7,1728593705,401
203.0.113.7,1728593706,401
203.0.113.7,1728593706,401
203.0.113.7,1728593706,401
203.0.113.7,1728593706,401
203.0.113.7,1728593706,401
203.0.113.7,1728593706,401
198.51.100.10,1728593707,200
